I,0,,,,EconomicaIngresos,Economica ingresos,,
I,1,,,,ImpuestosDirectos,Impuestos directos,,
I,1,0,,,ImpuestoSobreLaRenta,Impuesto sobre la Renta,,
I,1,0,0,,ImpuestosSobreLaRentaDeLasPersonasFisicas,Impuestos sobre la Renta de las Personas Físicas,,
I,1,0,1,,ImpuestoSobreSociedades,Impuesto sobre sociedades,,
I,1,0,2,,ImpuestoSobreLaRentaDeNoResidentes,Impuesto sobre la Renta de no residentes,,
I,1,1,,,ImpuestosSobreElCapital,Impuestos sobre el capital,,
I,1,1,0,,ImpuestoSobreSucesionesYDonaciones,Impuesto sobre sucesiones y donaciones,,
I,1,1,1,,ImpuestoSobrePatrimonio,Impuesto sobre patrimonio,,
I,1,1,2,,ImpuestoSobreBienesInmueblesBienesInmublesDeNaturalezaRustica,Sobre bienes inmuebles de naturaleza rústica,,
I,1,1,3,,ImpuestoSobreBienesInmueblesBienesInmueblesDeNaturalezaUrbana,Sobre bienes inmuebles de naturaleza urbana,,
I,1,1,4,,ImpuestoSobreBienesInmueblesBienesInmueblesDeCaracteristicasEspeciales,Sobre bienes inmuebles de características especiales,,
I,1,1,5,,ImpuestoSobreVehiculosDeTraccionMecanica,Impuesto sobre vehículos de tracción mecanica,,
I,1,1,6,,ImpuestoSobreIncrementoDelValorDeLosTerrenosDeNaturalezaUrbana,Impuesto sobre incremento del valor de los terrenos de naturaleza urbana,,
I,1,1,7,,ImpuestoSobreViviendasDesocupadas,Impuesto sobre viviendas desocupadas,,
I,1,3,,,ImpuestoSobreLasActividadesEconomicas,Impuesto sobre las actividades economicas,,
I,1,3,0,,ImpuestoSobreActividadesEconomicas,Impuesto sobre actividades economicas,,
I,1,6,,,RecargosSobreImpuestosDirectosDelEstadoYDeLaComunidadAutonoma,Recargos sobre impuestos directos del Estado y de la Comunidad Autónoma,,
I,1,6,0,,ImpuestosDirectos RecargosSobreImpuestosDirectosDelEstadoYDeLaComunidadAutonoma SobreImpuestosDelEstado,Sobre impuestos del Estado,,
I,1,6,1,,ImpuestosDirectos RecargosSobreImpuestosDirectosDelEstadoYDeLaComunidadAutonoma SobreImpuestosDeLaComunidadAutonoma,Sobre impuestos de la Comunidad Autónoma,,
I,1,7,,,RecargosSobreImpuestosDirectosDeOtrosEntesLocales,Recargos sobre impuestos directos de otros Entes Locales,,
I,1,7,0,,EnElImpuestoSobreBienesInmuebles,En el impuesto sobre bienes inmuebles,,
I,1,7,1,,RecargoProvincialEnElImpuestoSobreActividadesEconomicas,Recargo provincial en el impuesto sobre actividades economicas,,
I,1,7,9,,OtrosRecargosSobreImpuestosDirectosDeOtrosEntesLocales,Otros recargos sobre impuestos directos de otros Entes Locales,,
I,1,8,,,ImpuestosDirectosExtinguidos,Impuestos directos extinguidos,,
I,1,9,,,OtrosImpuestosDirectos,Otros impuestos directos,,
I,2,,,,ImpuestosIndirectos,Impuestos indirectos,,
I,2,1,,,ImpuestosSobreElValorAnadido,Impuestos sobre el Valor Añadido,,
I,2,1,0,,ImpuestoSobreElValorAnadido,Impuesto sobre el Valor Añadido,,
I,2,2,,,SobreConsumosEspecificos,Sobre consumos especificos,,
I,2,2,0,,ImpuestosEspeciales,Impuestos especiales,,
I,2,2,0,00,ImpuestoSobreElAlcoholYBebidasDerivadas,Impuesto sobre el alcohol y bebidas derivadas,,
I,2,2,0,01,ImpuestoSobreLaCerveza,Impuesto sobre la cerveza,,
I,2,2,0,02,ImpuestoSobreElVinoYBebidasFermentadas,Impuesto sobre el vino y bebidas fermentadas,,
I,2,2,0,03,ImpuestoSobreLasLaboresDelTabaco,Impuesto sobre las labores del tabaco,,
I,2,2,0,04,ImpuestoSobreHidrocarburos,Impuesto sobre hidrocarburos,,
I,2,2,0,05,ImpuestoSobreDeterminadosMediosDeTransporte,Impuesto sobre determinados medios de transporte,,
I,2,2,0,06,ImpuestoSobreProductosIntermedios,Impuesto sobre productos intermedios,,
I,2,2,0,07,ImpuestoSobreLaEnergia,Impuesto sobre la energía,,
I,2,2,0,08,ImpuestoSobreVentasMinoristasDeHidrocarburos,Impuesto sobre ventas minoristas de hidrocarburos,,
I,2,2,0,09,ExaccionSobreLaGasolina,Exaccion sobre la gasolina,,
I,2,6,,,RecargosSobreImpuestosIndirectosDelEstadoYDeLaComunidadAutonoma,Recargos sobre impuestos indirectos del Estado y de la Comunidad Autónoma,,
I,2,6,0,,ImpuestosIndirectos RecargosSobreImpuestosIndirectosDelEstadoYDeLaComunidadAutonoma SobreImpuestosDelEstado,Sobre impuestos del Estado,,
I,2,6,1,,ImpuestosIndirectos RecargosSobreImpuestosIndirectosDelEstadoYDeLaComunidadAutonoma SobreImpuestosDeLaComunidadAutonoma,Sobre impuestos de la Comunidad Autónoma,,
I,2,7,,,RecargosSobreImpuestosIndirectosDeOtrosEntesLocales,Recargos sobre impuestos indirectos de otros Entes Locales,,
I,2,7,0,,SobreImpuestosDeOtrosEntesLocales,Sobre impuestos de otros Entes Locales,,
I,2,8,,,ImpuestosIndirectosExtinguidos,Impuestos indirectos extinguidos,,
I,2,9,,,OtrosImpuestosIndirectos,Otros impuestos indirectos,,
I,2,9,0,,ImpuestoSobreConstruccionesInstalacionesYObras,"Impuesto sobre construcciones, instalaciones y obras",
I,2,9,1,,ImpuestoSobreGastosSuntuariosCotosDeCazaYPesca,"Impuesto sobre gastos suntuarios, cotos de caza y pesca",
I,2,9,2,,ArbitrioSobreImportacionesYEntregasDeMercanciasEnCanariasAiem,Arbitrio sobre importaciones y entregas de mercancias en canarias aiem,,
I,2,9,3,,ImpuestoGeneralIndirectoCanarioIgic,Impuesto general indirecto canario igic,,
I,2,9,4,,ImpuestoSobreLaProduccionLosServiciosYLaImportacionIpsiDeCeutaYMelilla,Impuesto sobre la produccion los servicios y la importacion ipsi de ceuta y melilla,,
I,2,9,5,,ImpuestoSobrePrimasDeSeguros,Impuesto sobre primas de seguros,,
I,2,9,6,,ImpuestoSobreTransmisionesPatrimonialesYActosJuridicosDocumentados,Impuesto sobre transmisiones patrimoniales y actos juridicos documentados,,
I,2,9,9,,OtrosImpuestosIndirectos OtrosImpuestosIndirectos,Otros impuestos indirectos otros impuestos indirectos,,
I,3,,,,TasasPreciosPublicosYOtrosIngresos,"Tasas, precios públicos y otros ingresos",
I,3,0,,,TasasPorLaPrestacionDeServiciosPublicosBasicos,Tasas por la prestación de servicios públicos básicos,,
I,3,0,0,,ServicioDeAbastecimientoDeAgua,Servicio de abastecimiento de agua,,
I,3,0,1,,ServicioDeAlcantarillado,Servicio de alcantarillado,,
I,3,0,2,,ServicioDeRecogidaDeBasuras,Servicio de recogida de basuras,,
I,3,0,3,,ServicioDeTratamientoDeResiduos,Servicio de tratamiento de residuos,,
I,3,0,4,,CanonDeSaneamiento,Canón de saneamiento,,
I,3,0,9,,OtrasTasasPorPrestacionDeServiciosBasicos,Otras tasas por prestación de servicios básicos,,
I,3,1,,,TasasPorLaPrestacionDeServiciosPublicosDeCaracterSocialYPreferente,Tasas por la prestación de servicios públicos de carácter social y preferente,,
I,3,1,0,,TasasPorLaPrestacionDeServiciosPublicosDeCaracterSocialYPreferente ServiciosHospitalarios,Servicios hospitalarios,,
I,3,1,1,,TasasPorLaPrestacionDeServiciosPublicosDeCaracterSocialYPreferente ServiciosAsistenciales,Servicios asistenciales,,
I,3,1,2,,TasasPorLaPrestacionDeServiciosPublicosDeCaracterSocialYPreferente ServiciosEducativos,Servicios educativos,,
I,3,1,3,,TasasPorLaPrestacionDeServiciosPublicosDeCaracterSocialYPreferente ServiciosDeportivos,Servicios deportivos,,
I,3,1,9,,OtrasTasasPorPrestacionDeServiciosDeCaracterPreferente,Otras tasas por prestación de servicios de carácter preferente,,
I,3,1,9,13,Otras tasas incluidas en el art’culo 31,Otras tasas incluidas en el artículo 31,,
I,3,2,,,TasasPorLaRealizacionDeActividadesDeCompetenciaLocal,Tasas por la realizacion de actividades de competencia local,,
I,3,2,0,,LicenciasDeCazaYPesca,Licencias de caza y pesca,,
I,3,2,1,,LicenciasUrbanisticas,Licencias urbanisticas,,
I,3,2,2,,CedulasDeHabitabilidadYLicenciasDePrimeraOcupacion,Cedulas de habitabilidad y licencias de primera ocupacion,,
I,3,2,3,,TasasPorOtrosServiciosUrbanisticos,Tasas por otros servicios urbanísticos,,
I,3,2,4,,TasasSobreElJuego,Tasas sobre el juego,,
I,3,2,5,,TasaPorExpedicionDeDocumentos,Tasa por expedición de documentos,,
I,3,2,6,,TasaPorRetiradaDeVehiculos,Tasa por retirada de vehículos,,
I,3,2,9,,OtrasTasasPorLaRealizacionDeActividadesDeCompetenciaLocal,Otras tasas por la realizacion de actividades de competencia local,,
I,3,2,9,01,Otras tasas por utilizaci—n privativa del dominio pœblico,Otras tasas por utilización privativa del dominio público,,
I,3,3,,,TasasPorLaUtilizacionPrivativaOElAprovechamientoEspecialDelDominioPublicoLocal,Tasas por la utilizacion privativa o el aprovechamiento especial del dominio público local,,
I,3,3,0,,TasaDeEstacionamientoDeVehiculos,Tasa de estacionamiento de vehículos,,
I,3,3,1,,TasaPorEntradaDeVehiculos,Tasa por entrada de vehículos,,
I,3,3,2,,TasaPorUtilizacionPrivativaOAprovechamientoEspecialPorEmpresasExplotadorasDeServiciosDeSuministros,Por empresas explotadoras de servicios de suministros,,
I,3,3,3,,TasaPorUtilizacionPrivativaOAprovechamientoEspecialPorEmpresasExplotadorasDeServiciosDeTelecomunicaciones,Por empresas explotadoras de servicios de telecomunicaciones,,
I,3,3,4,,TasaPorAperturaDeCalasYZanjas,Tasa por apertura de calas y zanjas,,
I,3,3,5,,TasaPorOcupacionDeLaViaPublicaConTerrazas,Tasa por ocupacion de la via pública con terrazas,,
I,3,3,6,,TasaPorOcupacionDeLaViaPublicaConSuspensionTemporalDelTraficoRodado,Tasa por ocupacion de la via pública con suspensión temporal del trafico rodado,,
I,3,3,7,,TasasPorAprovechamientoDelVuelo,Tasas por aprovechamiento del vuelo,,
I,3,3,8,,CompensacionDeTelefonicaDeEspanaSa,Compensación de Telefonica de España SA,,
I,3,3,9,,OtrasTasasPorUtilizacionPrivativaDelDominioPublico,Otras tasas por utilizacion privativa del dominio público,,
I,3,4,,,PreciosPublicos,Precios públicos,,
I,3,4,0,,PreciosPublicos ServiciosHospitalarios,Servicios hospitalarios,,
I,3,4,1,,PreciosPublicos ServiciosAsistenciales,Servicios asistenciales,,
I,3,4,2,,PreciosPublicos ServiciosEducativos,Servicios educativos,,
I,3,4,3,,PreciosPublicos ServiciosDeportivos,Servicios deportivos,,
I,3,4,4,,EntradasAMuseosExposicionesEspectaculos,"Entradas a museos, exposiciones y espectáculos",
I,3,4,5,,ServicioDeTransportePublicoUrbano,Servicio de transporte público urbano,,
I,3,4,9,,OtrosPreciosPublicos,Otros precios públicos,,
I,3,4,9,07,Otros precios pœblicos incluidos en el art’culo 34,Otros precios públicos incluidos en el artículo 34,,
I,3,5,,,ContribucionesEspeciales,Contribuciones especiales,,
I,3,5,0,,ParaLaEjecucionDeObras,Para la ejecución de obras,,
I,3,5,1,,ParaElEstablecimientoOAmpliacionDeServicios,Para el establecimiento o ampliación de servicios,,
I,3,6,,,Ventas,Ventas,,
I,3,8,,,ReintegrosDeOperacionesCorrientes,Reintegros de operaciones corrientes,,
I,3,8,0,,ReintegroDeAvales,Reintegro de avales,,
I,3,8,9,,OtrosReintegrosDeOperacionesCorrientes,Otros reintegros de operaciones corrientes,,
I,3,9,,,OtrosIngresos,Otros ingresos,,
I,3,9,1,,Multas,Multas,,
I,3,9,1,00,MultasPorInfraccionesUrbanisticas,Multas por infracciones urbanísticas,,
I,3,9,1,10,MultasPorInfraccionesTributariasYAnalogas,Multas por infracciones tributarias y análogas,,
I,3,9,1,20,MultasPorInfraccionesDeLaOrdenanzaDeCirculacion,Multas por infracciones de la ordenanza de circulación,,
I,3,9,1,90,OtrasMultasYSanciones,Otras multas y sanciones,,
I,3,9,2,,RecargosDelPeriodoEjecutivoYPorDeclaracionExtemporaneaSinRequerimientoPrevio,Recargos del periodo ejecutivo y por declaración extemporanea sin requerimiento previo,,
I,3,9,2,00,RecargosPorDeclaracionExtemporaneaSinRequerimientoPrevio,Recargos por declaracion extemporanea sin requerimiento previo,,
I,3,9,2,10,RecargoEjecutivo,Recargo ejecutivo,,
I,3,9,2,11,RecargoDeApremio,Recargo de apremio,,
I,3,9,3,,EconomicaIngresos TasasPreciosPublicosYOtrosIngresos OtrosIngresos InteresesDeDemora,Intereses de demora,,
I,3,9,4,,PrestacionPersonal,Prestación personal,,
I,3,9,5,,PrestacionDeTransporte,Prestación de transporte,,
I,3,9,6,,IngresosPorActuacionesDeUrbanizacion,Ingresos por actuaciones de urbanización,,
I,3,9,6,00,CanonDeUrbanizacion,Canón de urbanización,,
I,3,9,6,10,CuotasDeUrbanizacion,Cuotas de urbanización,,
I,3,9,7,,AprovechamientosUrbanisticos,Aprovechamientos urbanísticos,,
I,3,9,7,00,CanonPorAprovechamientosUrbanisticos,Canón por aprovechamientos urbanísticos,,
I,3,9,7,10,OtrosIngresosPorAprovechamientosUrbanisticos,Otros ingresos por aprovechamientos urbanísticos,,
I,3,9,8,,IndemnizacionesDeSegurosDeNoVida,Indemnizaciones de seguros de no vida,,
I,3,9,9,,OtrosIngresosDiversos,Otros ingresos diversos,,
I,4,,,,TransferenciaCorrientes,Transferencia corrientes,,
I,4,,,,TransferenciasCorrientes,Transferencias corrientes,,
I,4,0,,,TransferenciaCorrientes DeLaAdministracionGeneralDeLaEntidadLocal,De la Administracion General de la Entidad Local,,
I,4,1,,,TransferenciaCorrientes DeOrganismosAutonomosDeLaEntidadLocal,De organismos autónomos de la Entidad Local,,
I,4,2,,,TransferenciaCorrientes DeLaAdministracionDelEstado,De la Administracion del Estado,,
I,4,2,0,,TransferenciaCorrientes DeLaAdministracionDelEstado DeLaAdministracionGeneralDelEstado,De la Administracion General del Estado,,
I,4,2,0,00,ParticipacionEnLosTributosDelEstado,Participación en los tributos del Estado,,
I,4,2,0,02,Otras transferencias del Estado,Otras transferencias del Estado,,
I,4,2,0,10,FondoComplementarioDeFinanciacion,Fondo complementario de financiacion,,
I,4,2,0,20,CompensacionPorBeneficiosFiscales,Compensación por beneficios fiscales,,
I,4,2,0,90,OtrasTransferenciasCorrientesDeLaAdministracionGeneralDelEstado,Otras transferencias corrientes,,
I,4,2,1,,TransferenciaCorrientes DeLaAdministracionDelEstado DeOrganismosAutonomosYAgenciasEstatales,De organismos autónomos y agencias estatales,,
I,4,2,1,02,De otros Organismos Aut—nomos Administrativos del Estado,De otros organismos autónomos administrativos del Estado,,
I,4,2,1,00,TransferenciaCorrientes DeLaAdministracionDelEstado DeOrganismosAutonomosYAgenciasEstatales DelServicioPublicoDeEmpleoEstatal,Del servicio público de empleo estatal,,
I,4,2,1,90,TransferenciaCorrientes DeLaAdministracionDelEstado DeOrganismosAutonomosYAgenciasEstatales DeOtrosOrganismosAutonomosYAgencias,De otros organismos autónomos y agencias,,
I,4,2,2,,TransferenciaCorrientes DeLaAdministracionDelEstado DeFundacionesEstatales,Transferencia corrientes de la Administracion del Estado de fundaciones estatales,,
I,4,2,3,,TransferenciaCorrientes DeLaAdministracionDelEstado DeSociedadesMercantilesEstatalesEntidadesPublicasEmpresarialesYOtrosOrganismosPublicos,De entidades públicas empresariales y otros organismos públicos,,
I,4,2,3,00,TransferenciaCorrientes DeLaAdministracionDelEstado DeSociedadesMercantilesEstatalesEntidadesPublicasEmpresarialesYOtrosOrganismosPublicos DeLoteriasYApuestasDelEstado,De Loterías y Apuestas del Estado,,
I,4,2,3,90,DeOtrasSociedadesMercantilesEstatalesEntidadesPublicasEmpresarialesYOrganismosPublicos,"De otras sociedades mercantiles estatales, entidades públicas empresariales y organismos públicos",
I,4,3,,,TransferenciaCorrientes DeLaSeguridadSocial,De la Seguridad Social,,
I,4,4,,,TransferenciaCorrientes DeEntesPublicosYSociedadesMercantilesDeLaEntidadLocal,De entes públicos y sociedades mercantiles de la Entidad Local,,
I,4,4,0,,TransferenciaCorrientes DeEntesPublicosYSociedadesMercantilesDeLaEntidadLocal DeEntesPublicos,De entes públicos,,
I,4,4,1,,TransferenciaCorrientes DeEntesPublicosYSociedadesMercantilesDeLaEntidadLocal DeSociedadesMercantiles,De sociedades mercantiles,,
I,4,5,,,TransferenciaCorrientes DeComunidadesAutonomas,De Comunidades Autónomas,,
I,4,5,0,,TransferenciaCorrientes DeComunidadesAutonomas DeLaAdministracionGeneralDeLasComunidadesAutonomas,De la Administracion General de las Comunidades Autónomas,,
I,4,5,0,00,ParticipacionEnTributosDeLaComunidadAutonoma,Participación en tributos de la Comunidad Autónoma,,
I,4,5,0,01,OtrasTransferenciasIncondicionadas,Otras transferencias incondicionadas,,
I,4,5,0,02,TransferenciasCorrientesEnCumplimientoDeConveniosSuscritosConLaComunidadAutonomaEnMateriaDeServiciosSocialesYPoliticasDeIgualdad,Convenios suscritos con la Comunidad Autónoma en materia de servicios sociales y políticas de igualdad,,
I,4,5,0,30,TransferenciasCorrientesEnCumplimientoDeConveniosSuscritosConLaComunidadAutonomaEnMateriaDeEducacion,Convenios suscritos con la Comunidad Autónoma en materia de educación,,
I,4,5,0,50,TransferenciasCorrientesEnCumplimientoDeConveniosSuscritosConLaComunidadAutonomaEnMateriaDeEmpleoYDesarrolloLocal,Convenios suscritos con la Comunidad Autónoma en materia de empleo y desarrollo local,,
I,4,5,0,60,OtrasTransferenciasCorrientesEnCumplimientoDeConveniosSuscritosConLaComunidadAutonoma,Otras transferencias corrientes en cumplimiento de convenios suscritos con la Comunidad Autónoma,,
I,4,5,0,80,OtrasSubvencionesCorrientesDeLaAdministracionGeneralDeLaComunidadAutonoma,Otras subvenciones corrientes de la administracion general de la Comunidad Autónoma,,
I,4,5,1,,TransferenciaCorrientes DeComunidadesAutonomas DeOrganismosAutonomosYAgenciasDeLasComunidadesAutonomas,De organismos autónomos y agencias de las Comunidades Autónomas,,
I,4,5,2,,TransferenciaCorrientes DeComunidadesAutonomas DeFundacionesDeLasComunidadesAutonomas,De fundaciones de las Comunidades Autónomas,,
I,4,5,3,,TransferenciaCorrientes DeComunidadesAutonomas DeSociedadesMercantilesEntidadesPublicasEmpresarialesYOtrosOrganismosPublicosDependientesDeLasComunidadesAutonomas,De sociedades mercantiles entidades públicas empresariales y otros organismos públicos dependientes de las Comunidades Autónomas,,
I,4,5,5,,De la Administraci—n General de la C.A.,De la administración general de la Comunidad Autónoma,,
I,4,6,,,TransferenciaCorrientes DeEntidadesLocales,De Entidades Locales,,
I,4,6,1,,TransferenciaCorrientes DeEntidadesLocales DeDiputacionesConsejosOCabildos,"De Diputaciones, Consejos o Cabildos",
I,4,6,2,,TransferenciaCorrientes DeEntidadesLocales DeAyuntamientos,De Ayuntamientos,,
I,4,6,3,,TransferenciaCorrientes DeEntidadesLocales DeMancomunidades,De mancomunidades,,
I,4,6,4,,TransferenciaCorrientes DeEntidadesLocales DeAreasMetropolitanas,De areas metropolitanas,,
I,4,6,5,,TransferenciaCorrientes DeEntidadesLocales DeComarcas,De comarcas,,
I,4,6,6,,DeEntidadesQueAgrupenMunicipios,De entidades que agrupen municipios,,
I,4,6,7,,TransferenciaCorrientes DeEntidadesLocales DeConsorcios,Transferencia corrientes de Entidades Locales de consorcios,,
I,4,6,8,,TransferenciaCorrientes DeEntidadesLocales DeEntidadesLocalesMenores,Transferencia corrientes de Entidades Locales de Entidades Locales menores,,
I,4,7,,,TransferenciaCorrientes DeEmpresasPrivadas,De empresas privadas,,
I,4,8,,,TransferenciaCorrientes DeFamiliasEInstitucionesSinFinesDeLucro,De familias e instituciones sin fines de lucro,,
I,4,9,,,TransferenciaCorrientes DelExterior,Del exterior,,
I,4,9,0,,TransferenciaCorrientes DelExterior DelFondoSocialEuropeo,Del fondo social europeo,,
I,4,9,1,,TransferenciaCorrientes DelExterior DelFondoDeDesarrolloRegional,Del fondo de desarrollo regional,,
I,4,9,2,,TransferenciaCorrientes DelExterior DelFondoDeCohesion,Del fondo de cohesión,,
I,4,9,3,,TransferenciaCorrientes DelExterior DelFondoEuropeoAgricolaDeGarantiaFeaga,Del fondo europeo agricola de garantia FEAGA,,
I,4,9,4,,TransferenciaCorrientes DelExterior DelFondoEuropeoAgricolaDeDesarrolloRuralFeader,Del fondo europeo agricola de desarrollo rural FEADER,,
I,4,9,5,,TransferenciaCorrientes DelExterior DelFeoga-orientacion,Del FEOGA-orientacion,,
I,4,9,6,,TransferenciaCorrientes DelExterior DelFondoEuropeoDeLaPescaFep,Del fondo europeo de la pesca FEP,,
I,4,9,7,,TransferenciaCorrientes DelExterior OtrasTransferenciasDeLaUnionEuropea,Otras transferencias de la Unión Europea,,
I,4,9,9,,OtrasTansferenciasDelExteriorExcluyendoLaUnionEuropea,Otras tansferencias del exterior excluyendo la Unión Europea,,
I,5,,,,IngresosPatrimoniales,Ingresos patrimoniales,,
I,5,0,,,InteresesDeTitulosYValores,Intereses de títulos y valores,,
I,5,0,0,,IngresosPatrimoniales InteresesDeTitulosYValores DelEstado,Ingresos patrimoniales intereses de títulos y valores del Estado,,
I,5,0,1,,InteresesDeTitulosYValores DeOrganismosAutonomosYAgencias,Intereses de títulos y valores de organismos autónomos y agencias,,
I,5,0,4,,IngresosPatrimoniales InteresesDeTitulosYValores DeSociedadesMercantilesEstatalesEntidadesPublicasEmpresarialesYOtrosOrganismosPublicos,"De sociedades mercantiles estatales, entidades públicas empresariales y otros organismos públicos",
I,5,0,5,,IngresosPatrimoniales InteresesDeTitulosYValores DeComunidadesAutonomas,De Comunidades Autónomas,,
I,5,0,6,,IngresosPatrimoniales InteresesDeTitulosYValores DeEntidadesLocales,De Entidades Locales,,
I,5,0,7,,IngresosPatrimoniales InteresesDeTitulosYValores DeEmpresasPrivadas,De empresas privadas,,
I,5,1,,,InteresesDeAnticiposYPrestamosConcedidos,Intereses de anticipos y préstamos concedidos,,
I,5,1,1,,EconomicaIngresos IngresosPatrimoniales InteresesDeAnticiposYPrestamosConcedidos AOrganismosAutonomosYAgencias,A organismos autónomos y agencias,,
I,5,1,4,,ASociedadesMercantilesEntidadesPublicasempresarialesYOtrosOrganismosPublicos,A sociedades mercantiles entidades públicas empresariales y otros organismos públicos,,
I,5,1,8,,AFamiliasEInstitucionesSinAnimoDeLucro,A familias e instituciones sin animo de lucro,,
I,5,2,,,EconomicaIngresos IngresosPatrimoniales InteresesDeDepositos,Intereses de depósitos,,
I,5,3,,,DividendosYParticipacionBeneficios,Dividendos y participacion beneficios,,
I,5,3,1,,DividendosYParticipacionBeneficios DeOrganismosAutonomosYAgencias,De organismos autónomos y agencias,,
I,5,3,4,,DeSociedadesMercantilesEntidadesPublicasEmpresarialesYOtrosOrganismosPublicos,De sociedades mercantiles entidades públicas empresariales y otros organismos públicos,,
I,5,3,4,00,DeSociedadesYEntidadesDependientesDeLasEntidadesLocales,De sociedades y entidades dependientes de las Entidades Locales,,
I,5,3,4,10,DeSociedadesYEntidadesNoDependientesDeLasEntidadesLocales,De sociedades y entidades no dependientes de las Entidades Locales,,
I,5,3,7,,IngresosPatrimoniales DividendosYParticipacionBeneficios DeEmpresasPrivadas,Ingresos patrimoniales dividendos y participacion beneficios de empresas privadas,,
I,5,4,,,RentasDeBienesInmuebles,Rentas de bienes inmuebles,,
I,5,4,1,,ArrendamientosDeFincasUrbanas,Arrendamientos de fincas urbanas,,
I,5,4,2,,ArrendamientosDeFincasRusticas,Arrendamientos de fincas rústicas,,
I,5,4,4,,Censos,Censos,,
I,5,4,9,,OtrasRentasDeBienesInmuebles,Otras rentas de bienes inmuebles,,
I,5,5,,,ProductosDeConcesionesYAprovechamientosEspeciales,Productos de concesiones y aprovechamientos especiales,,
I,5,5,0,,DeConcesionesAdministrativasConContraprestacionPeriodica,De concesiones administrativas con contraprestación periodica,,
I,5,5,1,,DeConcesionesAdministrativasConContraprestacionNoPeriodica,De concesiones administrativas con contraprestación no periodica,,
I,5,5,2,,DerechoDeSuperficieConContraprestacionPeriodica,Derecho de superficie con contraprestación periodica,,
I,5,5,3,,DerechoDeSuperficieConContraprestacionNoPeriodica,Derecho de superficie con contraprestación no periodica,,
I,5,5,4,,AprovechamientosAgricolasYForestales,Aprovechamientos agrícolas y forestales,,
I,5,5,4,00,ProductoDeExplotacionesForestales,Producto de explotaciones forestales,,
I,5,5,4,10,FondoDeMejoraDeMontes,Fondo de mejora de montes,,
I,5,5,5,,AprovechamientosEspecialesConContraprestacion,Aprovechamientos especiales con contraprestación,,
I,5,5,9,,OtrasConcesionesYAprovechamientos,Otras concesiones y aprovechamientos,,
I,5,9,,,OtrosIngresosPatrimoniales,Otros ingresos patrimoniales,,
I,5,9,1,,BeneficiosPorRealizacionDeInversionesFinancieras,Beneficios por realizacion de inversiones financieras,,
I,5,9,2,,IngresosPorOperacionesDeIntercambioFinanciero,Ingresos por operaciones de intercambio financiero,,
I,5,9,9,,OtrosIngresosPatrimoniales OtrosIngresosPatrimoniales,Otros ingresos patrimoniales otros ingresos patrimoniales,,
I,6,,,,EnajenacionDeInversionesReales,Enajenacion de inversiones reales,,
I,6,0,,,DeTerrenos,De terrenos,,
I,6,0,0,,VentaDeSolares,Venta de solares,,
I,6,0,1,,VentaDeFincasRusticas,Venta de fincas rústicas,,
I,6,0,2,,ParcelasSobrantesDeLaViaPublica,Parcelas sobrantes de la via pública,,
I,6,0,3,,PatrimonioPublicoDelSuelo,Patrimonio público del suelo,,
I,6,0,9,,OtrosTerrenos,Otros terrenos,,
I,6,1,,,DeLasDemasInversionesReales,De las demás inversiones reales,,
I,6,1,1,,DeInversionesDeCaracterInmaterial,De inversiones de carácter inmaterial,,
I,6,1,2,,DeObjetosValiosos,De objetos valiosos,,
I,6,1,9,,DeOtrasInversionesReales,De otras inversiones reales,,
I,6,8,,,ReintegrosPorOperacionesDeCapital,Reintegros por operaciones de capital,,
I,6,8,0,,DeEjerciciosCerrados,De ejercicios cerrados,,
I,7,,,,EconomicaIngresos TransferenciasDeCapital,Transferencias de capital,,
I,7,0,,,TransferenciasDeCapital DeLaAdministracionGeneralDeLaEntidadLocal,De la Administracion General de la Entidad Local,,
I,7,1,,,TransferenciasDeCapital DeOrganismosAutonomosDeLaEntidadLocal,De organismos autónomos de la Entidad Local,,
I,7,2,,,TransferenciasDeCapital DeLaAdministracionDelEstado,De la Administracion del Estado,,
I,7,2,0,,TransferenciasDeCapital DeLaAdministracionDelEstado DeLaAdministracionGeneralDelEstado,De la Administracion General del Estado,,
I,7,2,1,,TransferenciasDeCapital DeLaAdministracionDelEstado DeOrganismosAutonomosYAgenciasEstatales,De organismos autónomos y agencias estatales,,
I,7,2,1,00,TransferenciasDeCapital DeLaAdministracionDelEstado DeOrganismosAutonomosYAgenciasEstatales DelServicioPublicoDeEmpleoEstatal,Del servicio público de empleo estatal,,
I,7,2,1,90,TransferenciasDeCapital DeLaAdministracionDelEstado DeOrganismosAutonomosYAgenciasEstatales DeOtrosOrganismosAutonomosYAgencias,De otros organismos autónomos y agencias,,
I,7,2,2,,TransferenciasDeCapital DeLaAdministracionDelEstado DeFundacionesEstatales,De fundaciones estatales,,
I,7,2,3,,TransferenciasDeCapital DeLaAdministracionDelEstado DeSociedadesMercantilesEstatalesEntidadesPublicasEmpresarialesYOtrosOrganismosPublicos,"De sociedades mercantiles estatales, entidades públicas empresariales y otros organismos públicos",
I,7,2,3,00,TransferenciasDeCapital DeLaAdministracionDelEstado DeSociedadesMercantilesEstatalesEntidadesPublicasEmpresarialesYOtrosOrganismosPublicos DeLoteriasYApuestasDelEstado,De Loterías y Apuestas del Estado,,
I,7,2,3,90,DeOtrasSociedadesMercantilesEstatalesEntidadesPublicasEmpresarialesYOtrosOrganismosPublicos,"De otras sociedades mercantiles estatales, entidades públicas empresariales y otros organismos publicos",
I,7,3,,,TransferenciasDeCapital DeLaSeguridadSocial,De la Seguridad Social,,
I,7,4,,,TransferenciasDeCapital DeEntesPublicosYSociedadesMercantilesDeLaEntidadLocal,De entes públicos y sociedades mercantiles de la Entidad Local,,
I,7,4,0,,TransferenciasDeCapital DeEntesPublicosYSociedadesMercantilesDeLaEntidadLocal DeEntesPublicos,De entes públicos,,
I,7,4,1,,TransferenciasDeCapital DeEntesPublicosYSociedadesMercantilesDeLaEntidadLocal DeSociedadesMercantiles,De sociedades mercantiles,,
I,7,5,,,TransferenciasDeCapital DeComunidadesAutonomas,De Comunidades Autónomas,,
I,7,5,0,,TransferenciasDeCapital DeComunidadesAutonomas DeLaAdministracionGeneralDeLasComunidadesAutonomas,De la Administracion General de las Comunidades Autónomas,,
I,7,5,0,00,SubvencionesAfectasALaAmortizacionDePrestamosYOperacionesFinancieras,Subvenciones afectas a la amortizacion de préstamos y operaciones financieras,,
I,7,5,0,02,TransferenciasDeCapitalEnCumplimientoDeConveniosSuscritosConLaComunidadAutonomaEnMateriaDeServiciosSocialesYPoliticasDeIgualdad,Convenios suscritos con la Comunidad Autónoma en materia de servicios sociales y políticas de igualdad,,
I,7,5,0,30,TransferenciasDeCapitalEnCumplimientoDeConveniosSuscritosConLaComunidadAutonomaEnMateriaDeEducacion,Convenios suscritos con la Comunidad Autónoma en materia de educación,,
I,7,5,0,50,TransferenciasDeCapitalEnCumplimientoDeConveniosSuscritosConLaComunidadAutonomaEnMateriaDeEmpleoYDesarrolloLocal,Convenios suscritos con la Comunidad Autónoma en materia de empleo y desarrollo local,,
I,7,5,0,60,OtrasTransferenciasDeCapitalEnCumplimientoDeConveniosSuscritosConLaComunidadAutonoma,Otras transferencias de capital en cumplimiento de convenios suscritos con la Comunidad Autónoma,,
I,7,5,0,80,OtrasTransferenciasDeCapitalDeLaAdministracionGeneralDeLaComunidadAutonoma,Otras transferencias de capital de la administracion general de la Comunidad Autónoma,,
I,7,5,1,,TransferenciasDeCapital DeComunidadesAutonomas DeOrganismosAutonomosYAgenciasDeLasComunidadesAutonomas,De organismos autónomos y agencias de las Comunidades Autónomas,,
I,7,5,2,,TransferenciasDeCapital DeComunidadesAutonomas DeFundacionesDeLasComunidadesAutonomas,De fundaciones de las Comunidades Autónomas,,
I,7,5,3,,TransferenciasDeCapital DeComunidadesAutonomas DeSociedadesMercantilesEntidadesPublicasEmpresarialesYOtrosOrganismosPublicosDependientesDeLasComunidadesAutonomas,"De sociedades mercantiles, entidades públicas empresariales y otros organismos públicos dependientes de las Comunidades Autónomas",
I,7,5,5,,De la Administraci—n General de la C.A.,De la administración general de la Comunidad Autónoma,,
I,7,7,5,,De la Administraci—n General de la C.A.,De la administración general de la Comunidad Autónoma,,
I,7,6,,,TransferenciasDeCapital DeEntidadesLocales,De Entidades Locales,,
I,7,6,1,,TransferenciasDeCapital DeEntidadesLocales DeDiputacionesConsejosOCabildos,"De Diputaciones, Consejos o Cabildos",
I,7,6,2,,TransferenciasDeCapital DeEntidadesLocales DeAyuntamientos,De Ayuntamientos,,
I,7,6,3,,TransferenciasDeCapital DeEntidadesLocales DeMancomunidades,De mancomunidades,,
I,7,6,4,,TransferenciasDeCapital DeEntidadesLocales DeAreasMetropolitanas,De areas metropolitanas,,
I,7,6,5,,TransferenciasDeCapital DeEntidadesLocales DeComarcas,De comarcas,,
I,7,6,6,,DeOtrasEntidadesQueAgrupenMunicipios,De otras entidades que agrupen municipios,,
I,7,6,7,,TransferenciasDeCapital DeEntidadesLocales DeConsorcios,De consorcios,,
I,7,6,8,,TransferenciasDeCapital DeEntidadesLocales DeEntidadesLocalesMenores,De Entidades Locales menores,,
I,7,7,,,TransferenciasDeCapital DeEmpresasPrivadas,De empresas privadas,,
I,7,8,,,TransferenciasDeCapital DeFamiliasEInstitucionesSinFinesDeLucro,De familias e instituciones sin fines de lucro,,
I,7,9,,,TransferenciasDeCapital DelExterior,Del exterior,,
I,7,9,0,,TransferenciasDeCapital DelExterior DelFondoSocialEuropeo,Del fondo social europeo,,
I,7,9,1,,TransferenciasDeCapital DelExterior DelFondoDeDesarrolloRegional,Del fondo de desarrollo regional,,
I,7,9,2,,TransferenciasDeCapital DelExterior DelFondoDeCohesion,Del fondo de cohesión,,
I,7,9,3,,TransferenciasDeCapital DelExterior DelFondoEuropeoAgricolaDeGarantiaFeaga,Del fondo europeo agricola de garantia FEAGA,,
I,7,9,4,,TransferenciasDeCapital DelExterior DelFondoEuropeoAgricolaDeDesarrolloRuralFeader,Del fondo europeo agricola de desarrollo rural FEADER,,
I,7,9,5,,TransferenciasDeCapital DelExterior DelFeoga-orientacion,Del FEOGA-orientacion,,
I,7,9,6,,TransferenciasDeCapital DelExterior DelFondoEuropeoDeLaPescaFep,Del fondo europeo de la pesca FEP,,
I,7,9,7,,TransferenciasDeCapital DelExterior OtrasTransferenciasDeLaUnionEuropea,Otras transferencias de la Unión Europea,,
I,7,9,9,,OtrasTransferenciasDelExteriorExcluyendoLaUnionEuropea,Otras transferencias del exterior excluyendo la Unión Europea,,
I,8,,,,EconomicaIngresos ActivosFinancieros,Activos financieros,,
I,8,0,,,EnajenacionDeDeudaDelSectorPublico,Enajenacion de deuda del sector público,,
I,8,0,0,,EnajenacionDeDeudaDelSectorPublicoACortoPlazo,A corto plazo,,
I,8,0,0,00,ActivosFinancieros EnajenacionDeDeudaDelSectorPublico EnajenacionDeDeudaDelSectorPublicoACortoPlazo DelEstado,A corto plazo del Estado,,
I,8,0,0,10,ActivosFinancieros EnajenacionDeDeudaDelSectorPublico EnajenacionDeDeudaDelSectorPublicoACortoPlazo DeComunidadesAutonomas,A corto plazo de Comunidades Autónomas,,
I,8,0,0,20,ActivosFinancieros EnajenacionDeDeudaDelSectorPublico EnajenacionDeDeudaDelSectorPublicoACortoPlazo DeEntidadesLocales,A corto plazo de Entidades Locales,,
I,8,0,1,,EnajenacionDeDeudaDelSectorPublicoALargoPlazo,A largo plazo,,
I,8,0,1,00,ActivosFinancieros EnajenacionDeDeudaDelSectorPublico EnajenacionDeDeudaDelSectorPublicoALargoPlazo DelEstado,A largo plazo del Estado,,
I,8,0,1,10,ActivosFinancieros EnajenacionDeDeudaDelSectorPublico EnajenacionDeDeudaDelSectorPublicoALargoPlazo DeComunidadesAutonomas,A largo plazo de Comunidades Autónomas,,
I,8,0,1,20,ActivosFinancieros EnajenacionDeDeudaDelSectorPublico EnajenacionDeDeudaDelSectorPublicoALargoPlazo DeEntidadesLocales,A largo plazo de Entidades Locales,,
I,8,1,,,EnajenacionDeObligacionesYBonosFueraDelSectorPublico,Enajenacion de obligaciones y bonos fuera del sector público,,
I,8,1,0,,EnajenacionDeObligacionesYBonosFueraDelSectorPublicoACortoPlazo,A corto plazo,,
I,8,1,1,,EnajenacionDeObligacionesYBonosFueraDelSectorPublicoALargoPlazo,A largo plazo,,
I,8,2,,,ReintegroDePrestamosYAnticiposConcedidosAlSectorPublico,Reintegro de préstamos y anticipos concedidos al sector público,,
I,8,2,0,,ReintegroDePrestamosYAnticiposConcedidosAlSectorPublicoACortoPlazo,A corto plazo,,
I,8,2,0,00,ActivosFinancieros ReintegroDePrestamosYAnticiposConcedidosAlSectorPublico ReintegroDePrestamosYAnticiposConcedidosAlSectorPublicoACortoPlazo DelEstado,A corto plazo del Estado,,
I,8,2,0,10,ActivosFinancieros ReintegroDePrestamosYAnticiposConcedidosAlSectorPublico ReintegroDePrestamosYAnticiposConcedidosAlSectorPublicoACortoPlazo DeComunidadesAutonomas,A corto plazo de Comunidades Autónomas,,
I,8,2,0,20,ActivosFinancieros ReintegroDePrestamosYAnticiposConcedidosAlSectorPublico ReintegroDePrestamosYAnticiposConcedidosAlSectorPublicoACortoPlazo DeEntidadesLocales,A corto plazo de Entidades Locales,,
I,8,2,1,,ReintegroDePrestamosYAnticiposConcedidosAlSectorPublicoALargoPlazo,A largo plazo,,
I,8,2,1,00,ActivosFinancieros ReintegroDePrestamosYAnticiposConcedidosAlSectorPublico ReintegroDePrestamosYAnticiposConcedidosAlSectorPublicoALargoPlazo DelEstado,A largo plazo del Estado,,
I,8,2,1,10,ActivosFinancieros ReintegroDePrestamosYAnticiposConcedidosAlSectorPublico ReintegroDePrestamosYAnticiposConcedidosAlSectorPublicoALargoPlazo DeComunidadesAutonomas,A largo plazo de Comunidades Autónomas,,
I,8,2,1,20,ActivosFinancieros ReintegroDePrestamosYAnticiposConcedidosAlSectorPublico ReintegroDePrestamosYAnticiposConcedidosAlSectorPublicoALargoPlazo DeEntidadesLocales,A largo plazo de Entidades Locales,,
I,8,3,,,ReintegrosDePrestamosDeFueraDelSectorPublico,Reintegros de préstamos de fuera del sector público,,
I,8,3,0,,ReintegrosDePrestamosDeFueraDelSectorPublicoACortoPlazo,A corto plazo,,
I,8,3,1,,ReintegrosDePrestamosDeFueraDelSectorPublicoALargoPlazo,A largo plazo,,
I,8,4,,,DevolucionDeDepositosYFianzasConstituidos,Devolucion de depósitos y fianzas constituidos,,
I,8,4,0,,EconomicaIngresos ActivosFinancieros DevolucionDeDepositosYFianzasConstituidos DevolucionDeDepositos,Devolucion de depósitos,,
I,8,4,1,,EconomicaIngresos ActivosFinancieros DevolucionDeDepositosYFianzasConstituidos DevolucionDeFianzas,Devolucion de fianzas,,
I,8,5,,,EnajenacionDeAccionesYParticipacionesDelSectorPublico,Enajenacion de acciones y participaciones del sector público,,
I,8,6,,,EnajenacionDeAccionesYParticipacionesFueraDelSectorPublico,Enajenacion de acciones y participaciones fuera del sector público,,
I,8,7,,,RemanenteDeTesoreria,Remanente de tesoreria,,
I,8,7,0,,RemanenteDeTesoreria RemanenteDeTesoreria,Remanente de tesoreria,,
I,8,7,0,00,ParaGastosGenerales,Para gastos generales,,
I,8,7,0,10,ParaGastosConFinanciacionAfectada,Para gastos con financiación afectada,,
I,9,,,,EconomicaIngresos PasivosFinancieros,Pasivos financieros,,
I,9,0,,,EmisionDeDeudaPublicaEnEuros,Emision de deuda pública en euros,,
I,9,0,0,,EmisionDeDeudaPublicaEnEurosACortoPlazo,A corto plazo,,
I,9,0,1,,EmisionDeDeudaPublicaEnEurosALargoPlazo,A largo plazo,,
I,9,1,,,PrestamosRecibidosEnEuros,Préstamos recibidos en euros,,
I,9,1,0,,PrestamosRecibidosACortoPlazoDeEntesDelSectorPublico,Préstamos recibidos a corto plazo de entes del sector público,,
I,9,1,0,00,A corto plazo,A corto plazo,,
I,9,1,1,,PrestamosRecibidosALargoPlazoDeEntesDelSectorPublico,Préstamos recibidos a largo plazo de entes del sector público,,
I,9,1,2,,PrestamosRecibidosACortoPlazoDeEntesDeFueraDelSectorPublico,Préstamos recibidos a corto plazo de entes de fuera del sector público,,
I,9,1,3,,PrestamosRecibidosALargoPlazoDeEntesDeFueraDelSectorPublico,Préstamos recibidos a largo plazo de entes de fuera del sector público,,
I,9,1,7,00,A corto plazo,A corto plazo,,
I,9,1,7,01,A medio y largo plazo,A medio y largo plazo,,
I,9,2,,,EmisionDeDeudaPublicaEnMonedaDistintaDelEuro,Emision de deuda pública en moneda distinta del euro,,
I,9,2,0,,EmisionDeDeudaPublicaEnMonedaDistintaDelEuroACortoPlazo,A corto plazo,,
I,9,2,1,,EmisionDeDeudaPublicaEnMonedaDistintaDelEuroALargoPlazo,A largo plazo,,
I,9,3,,,PrestamosRecibidosEnMonedaDistintaDelEuro,Préstamos recibidos en moneda distinta del euro,,
I,9,3,0,,PrestamosRecibidosEnMonedaDistintaDelEuroACortoPlazo,A corto plazo,,
I,9,3,1,,PrestamosRecibidosEnMonedaDistintaDelEuroALargoPlazo,A largo plazo,,
I,9,4,,,DepositosYFianzasRecibidos,Depósitos y fianzas recibidos,,
I,9,4,0,,DepositosRecibidos,Depósitos recibidos,,
I,9,4,1,,FianzasRecibidas,Fianzas recibidas,,
G,0,,,,Gastos,Gastos,,
G,1,,,,GastosDePersonal,Gastos de personal,,
G,1,0,,,OrganosDeGobiernoYPersonalDirectivo,Organos de gobierno y personal directivo,,
G,1,0,0,,RetribucionesBasicasYOtrasRemuneracionesDeLosMiembrosDeLosOrganosDeGobierno,Retribuciones básicas y otras remuneraciones de los miembros de los órganos de gobierno,,
G,1,0,0,00,OrganosDeGobiernoYPersonalDirectivo RetribucionesBasicasYOtrasRemuneracionesDeLosMiembrosDeLosOrganosDeGobierno RetribucionesBasicas,Retribuciones básicas,,
G,1,0,0,01,OrganosDeGobiernoYPersonalDirectivo RetribucionesBasicasYOtrasRemuneracionesDeLosMiembrosDeLosOrganosDeGobierno OtrasRemuneraciones,Otras remuneraciones,,
G,1,0,1,,RetribucionesBasicasYOtrasRemuneracionesDelPersonalDirectivo,Retribuciones básicas y otras remuneraciones del personal directivo,,
G,1,0,1,00,OrganosDeGobiernoYPersonalDirectivo RetribucionesBasicasYOtrasRemuneracionesDelPersonalDirectivo RetribucionesBasicas,Retribuciones básicas,,
G,1,0,1,01,OrganosDeGobiernoYPersonalDirectivo RetribucionesBasicasYOtrasRemuneracionesDelPersonalDirectivo OtrasRemuneraciones,Otras remuneraciones,,
G,1,0,7,,OrganosDeGobiernoYPersonalDirectivo ContribucionesAPlanesYFondosDePensiones,Contribuciones a planes y fondos de pensiones,,
G,1,0,7,00,GastosDePersonal OrganosDeGobiernoYPersonalDirectivo ContribucionesAPlanesYFondosDePensiones DeLosMiembrosDeLosOrganosDeGobierno,De los miembros de los órganos de gobierno,,
G,1,0,7,01,GastosDePersonal OrganosDeGobiernoYPersonalDirectivo ContribucionesAPlanesYFondosDePensiones DelPersonalDirectivo,Del personal directivo,,
G,1,1,,,PersonalEventual,Personal eventual,,
G,1,1,0,,RetribucionesBasicasYOtrasRemuneracionesDePersonalEventual,Retribuciones básicas y otras remuneraciones,,
G,1,1,0,00,PersonalEventual RetribucionesBasicasYOtrasRemuneracionesDePersonalEventual RetribucionesBasicas,Retribuciones básicas,,
G,1,1,0,01,PersonalEventual RetribucionesBasicasYOtrasRemuneracionesDePersonalEventual RetribucionesComplementarias,Retribuciones complementarias,,
G,1,1,0,02,PersonalEventual RetribucionesBasicasYOtrasRemuneracionesDePersonalEventual OtrasRemuneraciones,Otras remuneraciones,,
G,1,1,7,,PersonalEventual ContribucionesAPlanesYFondosDePensiones,Contribuciones a planes y fondos de pensiones,,
G,1,2,,,PersonalFuncionario,Personal funcionario,,
G,1,2,0,,PersonalFuncionario RetribucionesBasicas,Retribuciones básicas,,
G,1,2,0,00,PersonalFuncionario SueldosDelGrupoA1,Sueldos del grupo A1,,
G,1,2,0,01,PersonalFuncionario SueldosDelGrupoA2,Sueldos del grupo A2,,
G,1,2,0,02,PersonalFuncionario SueldosDelGrupoB,Sueldos del grupo B,,
G,1,2,0,03,PersonalFuncionario SueldosDelGrupoC1,Sueldos del grupo C1,,
G,1,2,0,04,PersonalFuncionario SueldosDelGrupoC2,Sueldos del grupo C2,,
G,1,2,0,05,PersonalFuncionario SueldosDelGrupoE,Sueldos del grupo E,,
G,1,2,0,06,PersonalFuncionario Trienios,Trienios,,
G,1,2,0,09,OtrasRetribucionesBasicas,Otras retribuciones básicas,,
G,1,2,1,,PersonalFuncionario RetribucionesComplementarias,Retribuciones complementarias,,
G,1,2,1,00,ComplementoDeDestino,Complemento de destino,,
G,1,2,1,01,ComplementoEspecifico,Complemento específico,,
G,1,2,1,03,OtrosComplementos,Otros complementos,,
G,1,2,2,,PersonalFuncionario RetribucionesEnEspecie,Retribuciones en especie,,
G,1,2,4,,RetribucionesDeFuncionariosEnPracticas,Retribuciones de funcionarios en prácticas,,
G,1,2,4,00,PersonalFuncionarioEnPracticas SueldosDelGrupoA1,Sueldos del grupo A1,,
G,1,2,4,01,PersonalFuncionarioEnPracticas SueldosDelGrupoA2,Sueldos del grupo A2,,
G,1,2,4,02,PersonalFuncionarioEnPracticas SueldosDelGrupoB,Sueldos del grupo B,,
G,1,2,4,03,PersonalFuncionarioEnPracticas SueldosDelGrupoC1,Sueldos del grupo C1,,
G,1,2,4,04,PersonalFuncionarioEnPracticas SueldosDelGrupoC2,Sueldos del grupo C2,,
G,1,2,4,05,PersonalFuncionarioEnPracticas SueldosDelGrupoE,Sueldos del grupo E,,
G,1,2,4,06,PersonalFuncionarioEnPracticas Trienios,Trienios,,
G,1,2,4,09,PersonalFuncionarioEnPracticas OtrasRetribucionesBasicas,Otras retribuciones básicas,,
G,1,2,7,,PersonalFuncionario ContribucionesAPlanesYFondosDePensiones,Contribuciones a planes y fondos de pensiones,,
G,1,3,,,PersonalLaboral,Personal laboral,,
G,1,3,0,,LaboralFijo,Laboral fijo,,
G,1,3,0,00,PersonalLaboral LaboralFijo RetribucionesBasicas,Retribuciones básicas,,
G,1,3,0,01,HorasExtraordinarias,Horas extraordinarias,,
G,1,3,0,02,PersonalLaboral LaboralFijo OtrasRemuneraciones,Otras remuneraciones,,
G,1,3,1,,LaboralTemporal,Laboral temporal,,
G,1,3,2,,PersonalLaboral RetribucionesEnEspecie,Retribuciones en especie,,
G,1,3,7,,PersonalLaboral ContribucionesAPlanesYFondosDePensiones,Contribuciones a planes y fondos de pensiones,,
G,1,4,,,OtroPersonal,Otro personal,,
G,1,4,3,,OtroPersonal OtroPersonal,Otro personal,,
G,1,4,7,,OtroPersonal ContribucionesAPlanesYFondosDePensiones,Contribuciones a planes y fondos de pensiones,,
G,1,5,,,IncentivosAlRendimiento,Incentivos al rendimiento,,
G,1,5,0,,Productividad,Productividad,,
G,1,5,1,,Gratificaciones,Gratificaciones,,
G,1,5,2,,OtrosIncentivosAlRendimiento,Otros incentivos al rendimiento,,
G,1,5,3,,ComplementoDeDedicacionEspecial,Complemento de dedicacion especial,,
G,1,6,,,CuotasPrestacionesYGastosSocialesACargoDelEmpleador,Cuotas prestaciónes y gastos sociales a cargo del empleador,,
G,1,6,0,,CuotasSociales,Cuotas sociales,,
G,1,6,0,00,SeguridadSocial,Seguridad social,,
G,1,6,0,01,Asistencia m_dico-farmaceœtica,Asistencia médico-farmacéutica,,
G,1,6,0,08,AsistenciaMedico-farmaceutica,Asistencia medico-farmacéutica,,
G,1,6,0,09,OtrasCuotas,Otras cuotas,,
G,1,6,1,,PrestacionesSociales,Prestaciónes sociales,,
G,1,6,1,01,"Pensiones excepcionales, indemnizaciones por jubilaciones anticipadas al personal laboral","Pensiones excepcionales, indemnizaciones por jubilaciones anticipadas al personal laboral",
G,1,6,1,03,PensionesExcepcionales,Pensiones excepcionales,,
G,1,6,1,04,IndemnizacionesAlPersonalLaboralPorJubilacionesAnticipadas,Indemnizaciones al personal laboral por jubilaciones anticipadas,,
G,1,6,1,05,PensionesACargoDeLaEntidadLocal,Pensiones a cargo de la Entidad Local,,
G,1,6,1,07,AsistenciaMedico-farmaceuticaAPensionistas,Asistencia medico-farmaceutica a pensionistas,,
G,1,6,2,,GastosSocialesDelPersonal,Gastos sociales del personal,,
G,1,6,2,00,FormacionYPerfeccionamientoDelPersonal,Formación y perfeccionamiento del personal,,
G,1,6,2,01,EconomatosYComedores,Economatos y comedores,,
G,1,6,2,02,TransporteDePersonal,Transporte de personal,,
G,1,6,2,04,EconomicaGastos GastosDePersonal CuotasPrestacionesYGastosSocialesACargoDelEmpleador GastosSocialesDelPersonal AccionSocial,Acción social,,
G,1,6,2,05,Seguros,Seguros,,
G,1,6,2,09,OtrosGastosSociales,Otros gastos sociales,,
G,1,6,3,,Gastos sociales de personal laboral,Gastos sociales de personal laboral,,
G,1,6,4,,ComplementoFamiliar,Complemento familiar,,
G,2,,,,GastosCorrientesEnBienesYServicios,Gastos corrientes en bienes y servicios,,
G,2,0,,,ArrendamientosYCanones,Arrendamientos y canones,,
G,2,0,0,,ArrendamientosDeTerrenosYBienesNaturales,Terrenos y bienes naturales,,
G,2,0,1,,Otros arrendamientos,Otros arrendamientos,,
G,2,0,2,,ArrendamientosDeEdificiosYOtrasConstrucciones,Edificios y otras construcciones,,
G,2,0,3,,ArrendamientosDeMaquinariaInstalacionesYUtillaje,Maquinaria instalaciones y utillaje,,
G,2,0,4,,ArrendamientosDeMaterialDeTransporte,Material de transporte,,
G,2,0,5,,ArrendamientosDeMobiliarioYEnseres,Mobiliario y enseres,,
G,2,0,6,,ArrendamientosDeEquiposParaProcesosDeInformacion,Equipos para procesos de información,,
G,2,0,8,,ArrendamientosDeOtroInmovilizadoMaterial,Otro inmovilizado material,,
G,2,0,9,,Canones,Canónes,,
G,2,1,,,ReparacionesMantenimientoYConservacion,Reparaciones mantenimiento y conservacion,,
G,2,1,0,,InfraestructurasYBienesNaturales,Infraestructuras y bienes naturales,,
G,2,1,2,,GastosCorrientesEnBienesYServicios ReparacionesMantenimientoYConservacion EdificiosYOtrasConstrucciones,Edificios y otras construcciones,,
G,2,1,3,,GastosCorrientesEnBienesYServicios ReparacionesMantenimientoYConservacion MaquinariaInstalacionesTecnicasYUtillaje,Maquinaria instalaciones tecnicas y utillaje,,
G,2,1,4,,GastosCorrientesEnBienesYServicios ReparacionesMantenimientoYConservacion ElementosDeTransporte,Elementos de transporte,,
G,2,1,5,,GastosCorrientesEnBienesYServicios ReparacionesMantenimientoYConservacion Mobiliario,Mobiliario,,
G,2,1,6,,GastosCorrientesEnBienesYServicios ReparacionesMantenimientoYConservacion EquiposParaProcesosDeInformacion,Equipos para procesos de información,,
G,2,1,9,,OtroInmovilizadoMaterial,Otro inmovilizado material,,
G,2,2,,,MaterialSuministrosYOtros,Material suministros y otros,,
G,2,2,0,,MaterialDeOficina,Material de oficina,,
G,2,2,0,00,OrdinarioNoInventariable,Ordinario no inventariable,,
G,2,2,0,01,PrensaRevistasLibrosYOtrasPublicaciones,"Prensa, revistas, libros y otras publicaciones"
G,2,2,0,02,MaterialInformaticoNoInventariable,Material informático no inventariable,,
G,2,2,1,,Suministros,Suministros,,
G,2,2,1,00,EnergiaElectrica,Energía electrica,,
G,2,2,1,01,Agua,Agua,,
G,2,2,1,02,Gas,Gas,,
G,2,2,1,03,CombustiblesYCarburantes,Combustibles y carburantes,,
G,2,2,1,04,Vestuario,Vestuario,,
G,2,2,1,05,ProductosAlimenticios,Productos alimenticios,,
G,2,2,1,06,ProductosFarmaceuticosYMaterialSanitario,Productos farmacéuticos y material sanitario,,
G,2,2,1,10,ProductosDeLimpiezaYAseo,Productos de limpieza y aseo,,
G,2,2,1,11,SuministrosDeRepuestosDeMaquinariaUtillajeYElementosDeTransporte,"Suministros de repuestos, de maquinaria, utillaje y elementos de transporte"
G,2,2,1,12,SuministrosDeMaterialElectronicoElectricoYDeTelecomunicaciones,"Suministros de material electrónico, eléctrico y de telecomunicaciones",
G,2,2,1,13,ManutencionDeAnimales,Manutención de animales,,
G,2,2,1,99,OtrosSuministros,Otros suministros,,
G,2,2,2,,Comunicaciones,Comunicaciones,,
G,2,2,2,00,ServiciosDeTelecomunicaciones,Servicios de telecomunicaciones,,
G,2,2,2,01,Postales,Postales,,
G,2,2,2,02,Telegraficas,Telegráficas,,
G,2,2,2,03,Informaticas,Informáticas,,
G,2,2,2,99,OtrosGastosEnComunicaciones,Otros gastos en comunicaciones,,
G,2,2,3,,Transportes,Transportes,,
G,2,2,4,,PrimasDeSeguros,Primas de seguros,,
G,2,2,5,,Tributos,Tributos,,
G,2,2,5,00,TributosEstatales,Tributos estatales,,
G,2,2,5,01,TributosDeLasComunidadesAutonomas,Tributos de las Comunidades Autónomas,,
G,2,2,5,02,TributosDeLasEntidadesLocales,Tributos de las Entidades Locales,,
G,2,2,6,,GastosDiversos,Gastos diversos,,
G,2,2,6,01,AtencionesProtocolariasYRepresentativas,Atenciones protocolarias y representativas,,
G,2,2,6,02,PublicidadYPropaganda,Publicidad y propaganda,,
G,2,2,6,03,PublicacionEnDiariosOficiales,Publicación en diarios oficiales,,
G,2,2,6,04,JuridicosContenciosos,Jurídicos contenciosos,,
G,2,2,6,06,ReunionesConferenciasYCursos,"Reuniones, conferencias y cursos",
G,2,2,6,07,OposicionesYPruebasSelectivas,Oposiciones y pruebas selectivas,,
G,2,2,6,09,ActividadesCulturalesYDeportivas,Actividades culturales y deportivas,,
G,2,2,6,99,OtrosGastosDiversos,Otros gastos diversos,,
G,2,2,7,,TrabajosRealizadosPorOtrasEmpresasYProfesionales,Trabajos realizados por otras empresas y profesionales,,
G,2,2,7,00,LimpiezaYAseo,Limpieza y aseo,,
G,2,2,7,01,Seguridad,Seguridad,,
G,2,2,7,02,ValoracionesYPeritajes,Valoraciones y peritajes,,
G,2,2,7,04,CustodiaDepositoYAlmacenaje,"Custodia, deposito y almacenaje",
G,2,2,7,05,ProcesosElectorales,Procesos electorales,,
G,2,2,7,06,EstudiosYTrabajosTecnicos,Estudios y trabajos técnicos,,
G,2,2,7,08,ServiciosDeRecaudacionAFavorDeLaEntidad,Servicios de recaudación a favor de la entidad,,
G,2,2,7,99,OtrosTrabajosRealizadosPorOtrasEmpresasYProfesionales,Otros trabajos realizados por otras empresas y profesionales,,
G,2,2,9,,Otros (resto del art 22),Otros (resto del art 22),,
G,2,3,,,IndemnizacionesPorRazonDelServicio,Indemnizaciones por razón del servicio,,
G,2,3,0,,Dietas,Dietas,,
G,2,3,0,00,GastosCorrientesEnBienesYServicios IndemnizacionesPorRazonDelServicio Dietas DeLosMiembrosDeLosOrganosDeGobierno,De los miembros de los órganos de gobierno,,
G,2,3,0,10,GastosCorrientesEnBienesYServicios IndemnizacionesPorRazonDelServicio Dietas DelPersonalDirectivo,Del personal directivo,,
G,2,3,0,20,Dietas DelPersonalNoDirectivo,Dietas del personal no directivo,,
G,2,3,1,,Locomocion,Locomoción,,
G,2,3,1,00,GastosCorrientesEnBienesYServicios IndemnizacionesPorRazonDelServicio Locomocion DeLosMiembrosDeLosOrganosDeGobierno,De los miembros de los órganos de gobierno,,
G,2,3,1,10,GastosCorrientesEnBienesYServicios IndemnizacionesPorRazonDelServicio Locomocion DelPersonalDirectivo,Del personal directivo,,
G,2,3,1,20,Locomocion DelPersonalNoDirectivo,Locomoción del personal no directivo,,
G,2,3,3,,OtrasIndemnizaciones,Otras indemnizaciones,,
G,2,4,,,GastosDePublicaciones,Gastos de publicaciones,,
G,2,4,0,,GastosDeEdicionYDistribucion,Gastos de edición y distribucion,,
G,2,5,,,TrabajosRealizadosPorAdministracionesPublicasYOtrasEntidadesPublicas,Trabajos realizados por Administraciones públicas y otras entidades públicas,,
G,2,6,,,TrabajosRealizadosPorInstitucionesSinFinesDeLucro,Trabajos realizados por instituciones sin fines de lucro,,
G,2,7,,,GastosImprevistosYFuncionesNoClasificadas,Gastos imprevistos y funciones no clasificadas,,
G,3,,,,GastosFinancieros,Gastos financieros,,
G,3,0,,,DeDeudaPublicaEnEuros,De deuda pública en euros,,
G,3,0,0,,DeDeudaPublicaEnEuros Intereses,Intereses,,
G,3,0,1,,DeDeudaPublicaEnEuros GastosDeEmisionModificacionYCancelacion,"Gastos de emisión, modificación y cancelación",
G,3,0,9,,OtrosGastosFinancierosDeDeudaPublicaEnEuros,Otros gastos financieros de deuda pública en euros,,
G,3,1,,,DePrestamosYOtrasOperacionesFinancierasEnEuros,De préstamos y otras operaciones financieras en euros,,
G,3,1,0,,DePrestamosYOtrasOperacionesFinancierasEnEuros Intereses,Intereses,,
G,3,1,1,,DePrestamosYOtrasOperacionesFinancierasEnEuros GastosDeFormalizacionModificacionYCancelacion,"Gastos de formalización, modificación y cancelación",
G,3,1,9,,OtrosGastosFinancierosDePrestamosYOtrasOperacionesFinancierasEnEuros,Otros gastos financieros de préstamos y otras operaciones financieras en euros,,
G,3,2,,,DeDeudaPublicaEnMonedaDistintaDelEuro,De deuda pública en moneda distinta del euro,,
G,3,2,0,,DeDeudaPublicaEnMonedaDistintaDelEuro Intereses,Intereses,,
G,3,2,1,,DeDeudaPublicaEnMonedaDistintaDelEuro GastosDeEmisionModificacionYCancelacion,"Gastos de emisión, modificación y cancelación",
G,3,2,2,,DeDeudaPublicaEnMonedaDistintaDelEuro DiferenciasDeCambio,Diferencias de cambio,,
G,3,2,9,,OtrosGastosFinancierosDeDeudaPublicaEnMonedaDistintaDelEuro,Otros gastos financieros de deuda pública en moneda distinta del euro,,
G,3,3,,,DePrestamosYOtrasOperacionesFinancierasEnMonedaDistintaDelEuro,De préstamos y otras operaciones financieras en moneda distinta del euro,,
G,3,3,0,,DePrestamosYOtrasOperacionesFinancierasEnMonedaDistintaDelEuro Intereses,Intereses,,
G,3,3,1,,DePrestamosYOtrasOperacionesFinancierasEnMonedaDistintaDelEuro GastosDeFormalizacionModificacionYCancelacion,"Gastos de formalización, modificación y cancelación",
G,3,3,2,,DePrestamosYOtrasOperacionesFinancierasEnMonedaDistintaDelEuro DiferenciasDeCambio,Diferencias de cambio,,
G,3,3,9,,OtrosGastosFinancierosDePrestamosYOtrasOperacionesFinancierasEnMonedaDistintaDelEuro,Otros gastos financieros de préstamos y otras operaciones financieras en moneda distinta del euro,,
G,3,4,,,DeDepositosFianzasYOtros,De depósitos fianzas y otros,,
G,3,4,0,,EconomicaGastos GastosFinancieros DeDepositosFianzasYOtros InteresesDeDepositos,Intereses de depósitos,,
G,3,4,1,,InteresesDeFianzas,Intereses de fianzas,,
G,3,5,,,InteresesDeDemoraYOtrosGastosFinancieros,Intereses de demora y otros gastos financieros,,
G,3,5,2,,EconomicaGastos GastosFinancieros InteresesDeDemoraYOtrosGastosFinancieros InteresesDeDemora,Intereses de demora,,
G,3,5,3,,OperacionesDeIntercambioFinanciero,Operaciones de intercambio financiero,,
G,3,5,7,,EjecucionDeAvales,Ejecución de avales,,
G,3,5,8,,InteresesPorOperacionesDeArrendamientoFinancieroLeasing,Intereses por operaciones de arrendamiento financiero leasing,,
G,3,5,9,,OtrosGastosFinancieros,Otros gastos financieros,,
G,4,,,,TransferenciasCorrientes,Transferencias corrientes,,
G,4,0,,,TransferenciasCorrientes ALaAdministracionGeneralDeLaEntidadLocal,A la Administracion General de la Entidad Local,,
G,4,1,,,TransferenciasCorrientes AOrganismosAutonomosDeLaEntidadLocal,A organismos autónomos de la Entidad Local,,
G,4,2,,,TransferenciasCorrientes ALaAdministracionDelEstado,A la Administracion del Estado,,
G,4,2,0,,TransferenciasCorrientes ALaAdministracionDelEstado ALaAdministracionGeneralDelEstado,A la Administracion General del Estado,,
G,4,2,1,,AOrganismosAutonomosYAgenciasDelEstado,A organismos autónomos y agencias del Estado,,
G,4,2,1,00,TransferenciasCorrientes ALaAdministracionDelEstado AOrganismosAutonomosYAgenciasDelEstado AlServicioPublicoDeEmpleoEstatal,Al servicio público de empleo estatal,,
G,4,2,1,01,A Otros Arganismos aut—nomos,A otros arganismos autónomos,,
G,4,2,1,10,TransferenciasCorrientes ALaAdministracionDelEstado AOrganismosAutonomosYAgenciasDelEstado AOtrosOrganismosAutonomos,A otros organismos autonomos,,
G,4,2,2,,TransferenciasCorrientes ALaAdministracionDelEstado AFundacionesEstatales,A fundaciones estatales,,
G,4,2,3,,TransferenciasCorrientes ALaAdministracionDelEstado ASociedadesMercantilesEstatalesEntidadesPublicasEmpresarialesYOtrosOrganismosPublicos,"A sociedades mercantiles estatales, entidades públicas empresariales y otros organismos públicos",
G,4,2,3,00,ALaAdministracionDelEstado ASociedadesMercantilesEstatalesEntidadesPublicasEmpresarialesYOtrosOrganismosPublicos SubvencionesParaFomentoDelEmpleo,Subvenciones para fomento del empleo,,
G,4,2,3,10,ALaAdministracionDelEstado ASociedadesMercantilesEstatalesEntidadesPublicasEmpresarialesYOtrosOrganismosPublicos SubvencionesParaBonificacionDeInteresesYPrimasDeSeguros,Subvenciones para bonificación de intereses y primas de seguros,,
G,4,2,3,20,ALaAdministracionDelEstado ASociedadesMercantilesEstatalesEntidadesPublicasEmpresarialesYOtrosOrganismosPublicos SubvencionesParaReducirElPrecioAPagarPorLosConsumidores,Subvenciones para reducir el precio a pagar por los consumidores,,
G,4,2,3,90,OtrasSubvencionesASociedadesMercantilesEstatalesEntidadesPublicasEmpresarialesYOtrosOrganismosPublicos,"Otras subvenciones a sociedades mercantiles estatales, entidades públicas empresariales y otros organismos públicos",
G,4,2,4,,Otras Subvenciones,Otras subvenciones,,
G,4,2,4,03,Otras Subvenciones,Otras subvenciones,,
G,4,3,,,TransferenciasCorrientes ALaSeguridadSocial,A la Seguridad Social,,
G,4,4,,,TransferenciasCorrientes AEntesPublicosYSociedadesMercantilesDeLaEntidadLocal,A entes públicos y sociedades mercantiles de la Entidad Local,,
G,4,4,0,,AEntesPublicosYSociedadesMercantilesDeLaEntidadLocal SubvencionesParaFomentoDelEmpleo,Subvenciones para fomento del empleo,,
G,4,4,1,,AEntesPublicosYSociedadesMercantilesDeLaEntidadLocal SubvencionesParaBonificacionDeInteresesYPrimasDeSeguros,Subvenciones para bonificacion de intereses y primas de seguros,,
G,4,4,2,,AEntesPublicosYSociedadesMercantilesDeLaEntidadLocal SubvencionesParaReducirElPrecioAPagarPorLosConsumidores,Subvenciones para reducir el precio a pagar por los consumidores,,
G,4,4,3,,Otras Subvenciones,Otras subvenciones,,
G,4,4,9,,OtrasSubvencionesAEntesPublicosYSociedadesMercantilesDeLaEntidadLocal,Otras subvenciones a entes públicos y sociedades mercantiles de la Entidad Local,,
G,4,5,,,TransferenciasCorrientes AComunidadesAutonomas,A Comunidades Autónomas,,
G,4,5,0,,TransferenciasCorrientes AComunidadesAutonomas ALaAdministracionGeneralDeLasComunidadesAutonomas,A la Administracion General de las Comunidades Autónomas,,
G,4,5,1,,TransferenciasCorrientes AComunidadesAutonomas AOrganismosAutonomosYAgenciasDeLasComunidadesAutonomas,A organismos autónomos y agencias de las Comunidades Autónomas,,
G,4,5,2,,TransferenciasCorrientes AComunidadesAutonomas AFundacionesDeLasComunidadesAutonomas,A fundaciones de las Comunidades Autónomas,,
G,4,5,3,,TransferenciasCorrientes AComunidadesAutonomas ASociedadesMercantilesEntidadesPublicasEmpresarialesYOtrosOrganismosPublicosDependientesDeLasComunidadesAutonomas,A sociedades mercantiles entidades públicas empresariales y otros organismos públicos dependientes de las Comunidades Autónomas,,
G,4,5,3,00,AComunidadesAutonomas ASociedadesMercantilesEntidadesPublicasEmpresarialesYOtrosOrganismosPublicosDependientesDeLasComunidadesAutonomas SubvencionesParaFomentoDelEmpleo,A Entidades Locales,,
G,4,5,3,10,AComunidadesAutonomas ASociedadesMercantilesEntidadesPublicasEmpresarialesYOtrosOrganismosPublicosDependientesDeLasComunidadesAutonomas SubvencionesParaBonificacionDeInteresesYPrimasDeSeguros,Subvenciones para fomento del empleo,,
G,4,5,3,20,AComunidadesAutonomas ASociedadesMercantilesEntidadesPublicasEmpresarialesYOtrosOrganismosPublicosDependientesDeLasComunidadesAutonomas SubvencionesParaReducirElPrecioAPagarPorLosConsumidores,Subvenciones para bonificacion de intereses y primas de seguros,,
G,4,5,3,90,OtrasSubvencionesASociedadesMercantilesEntidadesPublicasEmpresarialesYOtrosOrganismosPublicosDependientesDeLasComunidadesAutonomas,Subvenciones para reducir el precio a pagar por los consumidores,,
G,4,6,,,TransferenciasCorrientes AEntidadesLocales,"Otras subvenciones a sociedades mercantiles, entidades públicas empresariales y otros organismos públicos dependientes de las Comunidades Autónomas",
G,4,6,1,,ADiputacionesConsejosOCabildosInsulares,"A Diputaciones, Consejos o Cabildos insulares",
G,4,6,2,,TransferenciasCorrientes AEntidadesLocales AAyuntamientos,A Entidades Locales a Ayuntamientos,,
G,4,6,3,,TransferenciasCorrientes AEntidadesLocales AMancomunidades,A Entidades Locales a mancomunidades,,
G,4,6,4,,TransferenciasCorrientes AEntidadesLocales AAreasMetropolitanas,A Entidades Locales a areas metropolitanas,,
G,4,6,5,,TransferenciasCorrientes AEntidadesLocales AComarcas,A Entidades Locales a comarcas,,
G,4,6,6,,AOtrasEntidadesQueAgrupenMunicipios,A otras entidades que agrupen municipios,,
G,4,6,7,,TransferenciasCorrientes AEntidadesLocales AConsorcios,A Entidades Locales a consorcios,,
G,4,6,8,,TransferenciasCorrientes AEntidadesLocales AEntidadesLocalesMenores,A Entidades Locales a Entidades Locales menores,,
G,4,7,,,TransferenciasCorrientes AEmpresasPrivadas,A empresas privadas,,
G,4,7,0,,AEmpresasPrivadas SubvencionesParaFomentoDelEmpleo,Subvenciones para fomento del empleo,,
G,4,7,1,,AEmpresasPrivadas SubvencionesParaBonificacionDeInteresesYPrimasDeSeguros,Subvenciones para bonificacion de intereses y primas de seguros,,
G,4,7,2,,AEmpresasPrivadas SubvencionesParaReducirElPrecioAPagarPorLosConsumidores,Subvenciones para reducir el precio a pagar por los consumidores,,
G,4,7,3,,Otras Subvenciones,Otras subvenciones,,
G,4,7,9,,OtrasSubvencionesAEmpresasPrivadas,Otras subvenciones a empresas privadas,,
G,4,8,,,TransferenciasCorrientes AFamiliasEInstitucionesSinFinesDeLucro,A familias e instituciones sin fines de lucro,,
G,4,9,,,TransferenciasCorrientes AlExterior,Al exterior,,
G,5,,,,Fondo de Contingencia,Fondo de contingencia,,
G,6,,,,InversionesReales,Inversiones reales,,
G,6,0,,,InversionNuevaEnInfraestructurasYBienesDestinadosAlUsoGeneral,Inversión nueva en infraestructuras y bienes destinados al uso general,,
G,6,0,0,,InversionNuevaEnInfraestructurasYBienesDestinadosAlUsoGeneral InversionesEnTerrenos,Inversiones en terrenos,,
G,6,0,1,,Otras,Otras,,
G,6,0,9,,OtrasInversionesNuevasEnInfraestructurasYBienesDestinadosAlUsoGeneral,Otras inversiones nuevas en infraestructuras y bienes destinados al uso general,,
G,6,1,,,InversionesDeReposicionDeInfraestructurasYBienesDestinadosAlUsoGeneral,Inversiones de reposicion de infraestructuras y bienes destinados al uso general,,
G,6,1,0,,InversionesDeReposicionDeInfraestructurasYBienesDestinadosAlUsoGeneral InversionesEnTerrenos,Inversiones en terrenos,,
G,6,1,1,,Otras,Otras,,
G,6,1,9,,OtrasInversionesDeReposicionEnInfraestructurasYBienesDestinadosAlUsoGeneral,Otras inversiones de reposicion en infraestructuras y bienes destinados al uso general,,
G,6,2,,,InversionNuevaAsociadaAlFuncionamientoOperativoDeLosServicios,Inversión nueva asociada al funcionamiento operativo de los servicios,,
G,6,2,0,,Terrenos y bienes naturales,Terrenos y bienes naturales,,
G,6,2,1,,InversionNuevaAsociadaAlFuncionamientoOperativoDeLosServicios TerrenosYBienesNaturales,Terrenos y bienes naturales,,
G,6,2,2,,InversionesReales InversionNuevaAsociadaAlFuncionamientoOperativoDeLosServicios EdificiosYOtrasConstrucciones,Edificios y otras construcciones,,
G,6,2,3,,InversionesReales InversionNuevaAsociadaAlFuncionamientoOperativoDeLosServicios MaquinariaInstalacionesTecnicasYUtillaje,Maquinaria instalaciones tecnicas y utillaje,,
G,6,2,4,,InversionesReales InversionNuevaAsociadaAlFuncionamientoOperativoDeLosServicios ElementosDeTransporte,Elementos de transporte,,
G,6,2,5,,InversionesReales InversionNuevaAsociadaAlFuncionamientoOperativoDeLosServicios Mobiliario,Mobiliario,,
G,6,2,6,,InversionesReales InversionNuevaAsociadaAlFuncionamientoOperativoDeLosServicios EquiposParaProcesosDeInformacion,Equipos para procesos de información,,
G,6,2,7,,InversionNuevaAsociadaAlFuncionamientoOperativoDeLosServicios ProyectosComplejos,Proyectos complejos,,
G,6,2,9,,OtrasInversionesNuevasAsociadasAlFuncionamientoOperativoDeLosServicios,Otras inversiones nuevas,,
G,6,3,,,InversionDeReposicionAsociadaAlFuncionamientoOperativoDeLosServicios,Inversión de reposicion asociada al funcionamiento operativo de los servicios,,
G,6,3,1,,InversionDeReposicionAsociadaAlFuncionamientoOperativoDeLosServicios TerrenosYBienesNaturales,Terrenos y bienes naturales,,
G,6,3,2,,InversionesReales InversionDeReposicionAsociadaAlFuncionamientoOperativoDeLosServicios EdificiosYOtrasConstrucciones,Edificios y otras construcciones,,
G,6,3,3,,InversionesReales InversionDeReposicionAsociadaAlFuncionamientoOperativoDeLosServicios MaquinariaInstalacionesTecnicasYUtillaje,Maquinaria instalaciones tecnicas y utillaje,,
G,6,3,4,,InversionesReales InversionDeReposicionAsociadaAlFuncionamientoOperativoDeLosServicios ElementosDeTransporte,Elementos de transporte,,
G,6,3,5,,InversionesReales InversionDeReposicionAsociadaAlFuncionamientoOperativoDeLosServicios Mobiliario,Mobiliario,,
G,6,3,6,,InversionesReales InversionDeReposicionAsociadaAlFuncionamientoOperativoDeLosServicios EquiposParaProcesosDeInformacion,Equipos para procesos de información,,
G,6,3,7,,InversionDeReposicionAsociadaAlFuncionamientoOperativoDeLosServicios ProyectosComplejos,Proyectos complejos,,
G,6,3,9,,OtrasInversionesDeReposicionAsociadasAlFuncionamientoOperativoDeLosServicios,Otras inversiones de reposicion,,
G,6,4,,,GastosEnInversionesDeCaracterInmaterial,Gastos en inversiones de carácter inmaterial,,
G,6,4,0,,GastosEnInversionesDeCaracterInmaterial GastosEnInversionesDeCaracterInmaterial,Gastos en inversiones de carácter inmaterial,,
G,6,4,1,,GastosEnAplicacionesInformaticas,Gastos en aplicaciones informáticas,,
G,6,4,8,,CuotasNetasDeInteresesPorOperacionesDeArrendamientoFinancieroLeasing,Cuotas netas de intereses por operaciones de arrendamiento financiero leasing,,
G,6,5,,,InversionesGestionadasParaOtrosEntesPublicos,Inversiones gestionadas para otros entes públicos,,
G,6,5,0,,GastosEnInversionesGestionadasParaOtrosEntesPublicos,Gastos en inversiones gestionadas para otros entes públicos,,
G,6,8,,,GastosEnInversionesDeBienesPatrimoniales,Gastos en inversiones de bienes patrimoniales,,
G,6,8,0,,Terrenos y bienes naturales,Terrenos y bienes naturales,,
G,6,8,1,,GastosEnInversionesDeBienesPatrimoniales TerrenosYBienesNaturales,Gastos en inversiones de bienes patrimoniales terrenos y bienes naturales,,
G,6,8,2,,InversionesReales GastosEnInversionesDeBienesPatrimoniales EdificiosYOtrasConstrucciones,Inversiones reales gastos en inversiones de bienes patrimoniales edificios y otras construcciones,,
G,6,8,9,,OtrosGastosEnInversionesDeBienesPatrimoniales,Otros gastos en inversiones de bienes patrimoniales,,
G,6,9,,,InversionesEnBienesComunales,Inversiones en bienes comunales,,
G,6,9,0,,InversionesEnBienesComunales TerrenosYBienesNaturales,Inversiones en bienes comunales terrenos y bienes naturales,,
G,6,9,2,,InversionEnInfraestructuras,Inversión en infraestructuras,,
G,7,,,,EconomicaGastos TransferenciasDeCapital,Transferencias de capital,,
G,7,0,,,TransferenciasDeCapital ALaAdministracionGeneralDeLaEntidadLocal,A la Administracion General de la Entidad Local,,
G,7,1,,,TransferenciasDeCapital AOrganismosAutonomosDeLaEntidadLocal,A organismos autónomos de la Entidad Local,,
G,7,2,,,TransferenciasDeCapital ALaAdministracionDelEstado,A la Administracion del Estado,,
G,7,2,0,,TransferenciasDeCapital ALaAdministracionDelEstado ALaAdministracionGeneralDelEstado,A la Administracion General del Estado,,
G,7,2,1,,EconomicaGastos TransferenciasDeCapital ALaAdministracionDelEstado AOrganismosAutonomosYAgencias,A organismos autónomos y agencias,,
G,7,2,1,00,TransferenciasDeCapital ALaAdministracionDelEstado AOrganismosAutonomosYAgencias AlServicioPublicoDeEmpleoEstatal,Al servicio público de empleo estatal,,
G,7,2,1,09,TransferenciasDeCapital ALaAdministracionDelEstado AOrganismosAutonomosYAgencias AOtrosOrganismosAutonomos,A otros organismos autónomos,,
G,7,2,2,,TransferenciasDeCapital ALaAdministracionDelEstado AFundacionesEstatales,A fundaciones estatales,,
G,7,2,3,,TransferenciasDeCapital ALaAdministracionDelEstado ASociedadesMercantilesEstatalesEntidadesPublicasEmpresarialesYOtrosOrganismosPublicos,A sociedades mercantiles estatales entidades públicas empresariales y otros organismos públicos,,
G,7,3,,,TransferenciasDeCapital ALaSeguridadSocial,A la Seguridad Social,,
G,7,4,,,TransferenciasDeCapital AEntesPublicosYSociedadesMercantilesDeLaEntidadLocal,A entes públicos y sociedades mercantiles de la Entidad Local,,
G,7,5,,,TransferenciasDeCapital AComunidadesAutonomas,A Comunidades Autónomas,,
G,7,5,0,,TransferenciasDeCapital AComunidadesAutonomas ALaAdministracionGeneralDeLasComunidadesAutonomas,A la Administracion General de las Comunidades Autónomas,,
G,7,5,1,,TransferenciasDeCapital AComunidadesAutonomas AOrganismosAutonomosYAgenciasDeLasComunidadesAutonomas,A organismos autónomos y agencias de las Comunidades Autónomas,,
G,7,5,2,,TransferenciasDeCapital AComunidadesAutonomas AFundacionesDeLasComunidadesAutonomas,A fundaciones de las Comunidades Autónomas,,
G,7,5,3,,TransferenciasDeCapital AComunidadesAutonomas ASociedadesMercantilesEntidadesPublicasEmpresarialesYOtrosOrganismosPublicosDependientesDeLasComunidadesAutonomas,A sociedades mercantiles entidades públicas empresariales y otros organismos públicos dependientes de las Comunidades Autónomas,,
G,7,6,,,TransferenciasDeCapital AEntidadesLocales,A Entidades Locales,,
G,7,6,1,,ADiputacionesConsejosOCabildos,"A Diputaciones, Consejos o Cabildos",
G,7,6,2,,TransferenciasDeCapital AEntidadesLocales AAyuntamientos,A Ayuntamientos,,
G,7,6,3,,TransferenciasDeCapital AEntidadesLocales AMancomunidades,A mancomunidades,,
G,7,6,4,,TransferenciasDeCapital AEntidadesLocales AAreasMetropolitanas,A areas metropolitanas,,
G,7,6,5,,TransferenciasDeCapital AEntidadesLocales AComarcas,A comarcas,,
G,7,6,6,,AEntidadesQueAgrupenMunicipios,A entidades que agrupen municipios,,
G,7,6,7,,TransferenciasDeCapital AEntidadesLocales AConsorcios,A consorcios,,
G,7,6,8,,TransferenciasDeCapital AEntidadesLocales AEntidadesLocalesMenores,A Entidades Locales menores,,
G,7,7,,,TransferenciasDeCapital AEmpresasPrivadas,A empresas privadas,,
G,7,8,,,TransferenciasDeCapital AFamiliasEInstitucionesSinFinesDeLucro,A familias e instituciones sin fines de lucro,,
G,7,9,,,TransferenciasDeCapital AlExterior,Transferencias de capital al exterior,,
G,8,,,,EconomicaGastos ActivosFinancieros,Activos financieros,,
G,8,0,,,AdquisicionDeDeudaDelSectorPublico,Adquisición de deuda del sector público,,
G,8,0,0,,AdquisicionDeDeudaDelSectorPublicoACortoPlazo,A corto plazo,,
G,8,0,0,00,AdquisicionDeDeudaDelSectorPublico AdquisicionDeDeudaDelSectorPublicoACortoPlazo AlEstado,Al Estado,,
G,8,0,0,10,ActivosFinancieros AdquisicionDeDeudaDelSectorPublico AdquisicionDeDeudaDelSectorPublicoACortoPlazo AComunidadesAutonomas,A Comunidades Autónomas,,
G,8,0,0,20,ActivosFinancieros AdquisicionDeDeudaDelSectorPublico AdquisicionDeDeudaDelSectorPublicoACortoPlazo AEntidadesLocales,A Entidades Locales,,
G,8,0,0,90,AdquisicionDeDeudaDelSectorPublico AdquisicionDeDeudaDelSectorPublicoACortoPlazo AOtrosSubsectores,A otros subsectores,,
G,8,0,1,,AdquisicionDeDeudaDelSectorPublicoALargoPlazo,A largo plazo,,
G,8,0,1,00,AdquisicionDeDeudaDelSectorPublico AdquisicionDeDeudaDelSectorPublicoALargoPlazo AlEstado,Al Estado,,
G,8,0,1,10,ActivosFinancieros AdquisicionDeDeudaDelSectorPublico AdquisicionDeDeudaDelSectorPublicoALargoPlazo AComunidadesAutonomas,A Comunidades Autónomas,,
G,8,0,1,20,ActivosFinancieros AdquisicionDeDeudaDelSectorPublico AdquisicionDeDeudaDelSectorPublicoALargoPlazo AEntidadesLocales,A Entidades Locales,,
G,8,0,1,90,AdquisicionDeDeudaDelSectorPublico AdquisicionDeDeudaDelSectorPublicoALargoPlazo AOtrosSubsectores,A otros subsectores,,
G,8,1,,,AdquisicionDeObligacionesYBonosFueraDelSectorPublico,Adquisición de obligaciones y bonos fuera del sector público,,
G,8,1,0,,AdquisicionDeObligacionesYBonosFueraDelSectorPublicoACortoPlazoDesarrolloPorSectores,A corto plazo desarrollo por sectores,,
G,8,1,1,,AdquisicionDeObligacionesYBonosFueraDelSectorPublicoALargoPlazoDesarrolloPorSectores,A largo plazo desarrollo por sectores,,
G,8,2,,,ConcesionDePrestamosAlSectorPublico,Concesion de préstamos al sector público,,
G,8,2,0,,PrestamosACortoPlazo,Préstamos a corto plazo,,
G,8,2,0,00,ConcesionPrestamosAlSectorPublico PrestamosACortoPlazo AlEstado,Al Estado,,
G,8,2,0,10,ActivosFinancieros ConcesionPrestamosAlSectorPublico PrestamosACortoPlazo AComunidadesAutonomas,A Comunidades Autónomas,,
G,8,2,0,20,ActivosFinancieros ConcesionPrestamosAlSectorPublico PrestamosACortoPlazo AEntidadesLocales,A Entidades Locales,,
G,8,2,0,90,ConcesionPrestamosAlSectorPublico PrestamosACortoPlazo AOtrosSubsectores,A otros subsectores,,
G,8,2,1,,PrestamosALargoPlazo,Préstamos a largo plazo,,
G,8,2,1,00,ConcesionPrestamosAlSectorPublico PrestamosALargoPlazo AlEstado,Al Estado,,
G,8,2,1,10,ActivosFinancieros ConcesionPrestamosAlSectorPublico PrestamosALargoPlazo AComunidadesAutonomas,A Comunidades Autónomas,,
G,8,2,1,20,ActivosFinancieros ConcesionPrestamosAlSectorPublico PrestamosALargoPlazo AEntidadesLocales,A Entidades Locales,,
G,8,2,1,90,ConcesionPrestamosAlSectorPublico PrestamosALargoPlazo AOtrosSubsectores,A otros subsectores,,
G,8,3,,,ConcesionDePrestamosFueraDelSectorPublico,Concesion de préstamos fuera del sector público,,
G,8,3,0,,PrestamosACortoPlazoDesarrolloPorSectores,Préstamos a corto plazo desarrollo por sectores,,
G,8,3,1,,PrestamosALargoPlazoDesarrolloPorSectores,Préstamos a largo plazo desarrollo por sectores,,
G,8,4,,,ConstitucionDeDepositosYFianzas,Constitucion de depósitos y fianzas,,
G,8,4,0,,Depositos,Depósitos,,
G,8,4,0,00,Depositos ACortoPlazo,A corto plazo,,
G,8,4,0,10,Depositos ALargoPlazo,A largo plazo,,
G,8,4,1,,Fianzas,Fianzas,,
G,8,4,1,00,Fianzas ACortoPlazo,A corto plazo,,
G,8,4,1,10,Fianzas ALargoPlazo,A largo plazo,,
G,8,5,,,AdquisicionDeAccionesYParticipacionesDelSectorPublico,Adquisición de acciones y participaciones del sector público,,
G,8,5,0,,AdquisicionDeAccionesYParticipacionesDelSectorPublico AdquisicionDeAccionesYParticipacionesDelSectorPublico,Adquisición de acciones y participaciones del sector público,,
G,8,5,0,10,AdquisicionDeAccionesYParticipacionesParaCompensarPerdidas,Para compensar pérdidas,,
G,8,5,0,20,AdquisicionDeAccionesYParticipacionesParaFinanciarInversionesNoRentables,Para financiar inversiones no rentables,,
G,8,5,0,90,RestoDeAdquisicionesDeAccionesDentroDelSectorPublico,Resto de adquisiciones de acciones dentro del sector publico,,
G,8,6,,,AdquisicionDeAccionesYParticipacionesFueraDelSectorPublico,Adquisición de acciones y participaciones fuera del sector público,,
G,8,6,0,,AdquisicionDeAccionesYParticipacionesFueraDelSectorPublico AdquisicionDeAccionesYParticipacionesFueraDelSectorPublico,Adquisición de acciones y participaciones fuera del sector público,,
G,8,6,0,10,DeEmpresasNacionales,De empresas nacionales,,
G,8,6,0,20,DeEmpresasDeLaUnionEuropea,De empresas de la Unión Europea,,
G,8,6,0,90,DeOtrasEmpresas,De otras empresas,,
G,8,7,,,AportacionesPatrimoniales,Aportaciones patrimoniales,,
G,8,7,0,,AportacionesAFundaciones,Aportaciones a fundaciones,,
G,8,7,1,,AportacionesAConsorcios,Aportaciones a consorcios,,
G,8,7,2,,AportacionesAOtrosEntes,Aportaciones a otros entes,,
G,8,7,2,10,AportacionesParaCompensarPerdidas,Aportaciones para compensar perdidas,,
G,8,7,2,20,AportacionesParaFinanciarInversionesNoRentables,Aportaciones para financiar inversiones no rentables,,
G,8,7,2,90,RestoDeAportaciones,Resto de aportaciones,,
G,9,,,,EconomicaGastos PasivosFinancieros,Pasivos financieros,,
G,9,0,,,AmortizacionDeDeudaPublicaEnEuros,Amortización de deuda pública en euros,,
G,9,0,0,,AmortizacionDeDeudaPublicaEnEurosACortoPlazo,A corto plazo,,
G,9,0,1,,AmortizacionDeDeudaPublicaEnEurosALargoPlazo,A largo plazo,,
G,9,1,,,AmortizacionDePrestamosYDeOperacionesEnEuros,Amortización de préstamos y de operaciones en euros,,
G,9,1,0,,AmortizacionDePrestamosACortoPlazoDeEntesDelSectorPublico,A corto plazo de entes del sector público,,
G,9,1,1,,AmortizacionDePrestamosALargoPlazoDeEntesDelSectorPublico,A largo plazo de entes del sector público,,
G,9,1,2,,AmortizacionDePrestamosACortoPlazoDeEntesDeFueraDelSectorPublico,A corto plazo de entes de fuera del sector público,,
G,9,1,3,,AmortizacionDePrestamosALargoPlazoDeEntesDeFueraDelSectorPublico,A largo plazo de entes de fuera del sector público,,
G,9,2,,,AmortizacionDeDeudaPublicaEnMonedaDistintaDelEuro,Amortización de deuda pública en moneda distinta del euro,,
G,9,2,0,,AmortizacionDeDeudaPublicaEnMonedaDistintaDelEuroACortoPlazo,A corto plazo,,
G,9,2,1,,AmortizacionDeDeudaPublicaEnMonedaDistintaDelEuroALargoPlazo,A largo plazo,,
G,9,3,,,AmortizacionDePrestamosEnMonedaDistintaDelEuro,Amortización de préstamos en moneda distinta del euro,,
G,9,3,0,,AmortizacionDePrestamosEnMonedaDistintaDelEuroACortoPlazo,A corto plazo,,
G,9,3,1,,AmortizacionDePrestamosEnMonedaDistintaDelEuroALargoPlazo,A largo plazo,,
G,9,4,,,DevolucionDeDepositosYFianzas,Devolución de depósitos y fianzas,,
G,9,4,0,,EconomicaGastos PasivosFinancieros DevolucionDeDepositosYFianzas DevolucionDeDepositos,Devolución de depósitos,,
G,9,4,1,,EconomicaGastos PasivosFinancieros DevolucionDeDepositosYFianzas DevolucionDeFianzas,Devolución de fianzas,,
